Search continues on B.C. coast for 'force of nature' filmmaker Twyla Roscovich,not-alert
"12-yr-old girl struck by train in Manitoba. Was wearing headphones, didn't hear train coming, Ste. Anne mayor says",alert
North Korean leader vows to complete nuclear weapons program despite strengthening sanctions,alert
"B.C. pair fined for harvesting undersized crab, tearing legs off and throwing bodies back into the ocean:",not-alert
Canada's justice ministers advocate modernizing criminal code to reduce court delays,not-alert
Another North Atlantic right whale found dead in Gulf of St. Lawrence,alert
"Delaying legal edible cannabis products won't keep them off street, MPs told",not-alert
Canadians' debt-to-disposable income load climbs in Q2,not-alert
MRW a friend from the city asks why the gas station sells worms,not-alert
"My gf made a Death Star pi\u00f1ata for my son's 6th birthday. I actually let him destroy it. In tears I said, ""Great shot kid that was one in a million""",not-alert
Net casting,not-alert
Nope. Nope,not-alert
Cheetah attack on unsuspecting dog.,not-alert
When you're the Evil Corporation in an 80's movie,not-alert
A breathing Earth,not-alert
Wholesome Grandparents.,not-alert
Catsnek Attack [x-post from /r/teefies],not-alert
All you really need,not-alert
Guard dog,not-alert
Narcos' Location Scout Found Shot Dead in Mexico,alert
U.S. Launches Missiles at Syrian Base After Chemical Weapons Attack,alert
North Korea test-fires ballistic missile: Report,alert
North Korea launches ballistic missile:,alert
"Science AMA Series: Hello Redditors! I’m Dr. Gerry Bell, a meteorologist in the Climate Prediction Center at NOAA’s National Weather Service, I lead teams of scientists at NOAA who predict the Atlantic, eastern Pacific and central Pacific hurricane seasons every year. Ask Me Anything!",not-alert
Trump issues Florida emergency declaration ahead of Hurricane Irma,alert
"Science AMA Series: Hurricane Patricia has gone from a tropical storm to one of the strongest hurricanes ever recorded, We're a team for WXShift and Climate Central.org, Ask Us Anything!",not-alert
Hurricane Irma upgraded to Category 5,alert
"Female-named hurricanes kill more than male hurricanes because people don’t respect them, study finds",not-alert
Mayor tells residents not evacuating for Hurricane Harvey to write name and social security numbers on their arms,not-alert
Donald Trump Hasn’t Faced a Single Climate Change Question Since Hurricanes Hit,not-alert